<?xml version="1.0"?>
<openerp>
    <data noupdate="0">


        <record model="ir.ui.view" id="view_product_product_import_form">
            <field name="name">导入产品变型</field>
            <field name="model">product.product.import</field>
            <field name="arch" type="xml">
                <form string="导入产品变型">
                    <group>
                        <field name="excel"/>
                    </group>
                    <footer>
                        <button name="btn_import" string="导入产品变型" type="object" class="btn-primary"/>
                        <button string="取消" class="btn-default" special="cancel"/>
                    </footer>
                </form>
            </field>
        </record>


        <record model="ir.actions.act_window" id="action_product_product_import">
            <field name="name">导入产品变型</field>
            <field name="res_model">product.product.import</field>
            <field name="view_type">form</field>
            <field name="domain"></field>
            <field name="view_mode">form</field>
            <field name="target">new</field>
        </record>

        <menuitem id="menu_action_product_product_import" action="action_product_product_import" parent="menu_action_import"
                  sequence="30" name="导入产品变型"/>


    </data>
</openerp>