<?xml version="1.0"?>
<openerp>
    <data noupdate="0">


        <record model="ir.ui.view" id="view_stock_inventory_import_form">
            <field name="name">导入仓库盘点</field>
            <field name="model">stock.inventory.import</field>
            <field name="arch" type="xml">
                <form string="导入仓库盘点">
                    <group>
                        <field name="excel"/>
                    </group>
                    <footer>
                        <button name="btn_import" string="导入仓库盘点" type="object" class="btn-primary"/>
                        <button string="取消" class="btn-default" special="cancel"/>
                    </footer>
                </form>
            </field>
        </record>


        <record model="ir.actions.act_window" id="action_stock_inventory_import">
            <field name="name">导入仓库盘点</field>
            <field name="res_model">stock.inventory.import</field>
            <field name="view_type">form</field>
            <field name="domain"></field>
            <field name="view_mode">form</field>
            <field name="target">new</field>
        </record>

        <menuitem id="menu_action_stock_inventory_import" action="action_stock_inventory_import" parent="menu_action_import"
                  sequence="50" name="导入仓库盘点"/>


    </data>
</openerp>